,precision,recall,f1-score,support
floresta,0.637067425395355,0.680327868852459,0.6579873569109859,14152.0
natural_nao_florestal,0.5812119997327454,0.5583798703382759,0.5695672101093433,15579.0
pastagem,0.45270617233234056,0.5278093755612764,0.4873814854741963,16703.0
agricultura_silvicultura,0.5092523503954633,0.5577803203661327,0.5324128247133162,12236.0
urbano,0.7228040669673572,0.6129659643435981,0.6633691152739775,15425.0
agua,0.6844935329167272,0.5338320299217953,0.5998471726948548,8823.0
accuracy,0.580489157963289,0.580489157963289,0.580489157963289,0.580489157963289
macro avg,0.5979225912899983,0.5785159048972561,0.5850941941961123,82918.0
weighted avg,0.5915697686610054,0.580489157963289,0.5832916993192452,82918.0
