,delta_logloss
nbr_4,0.26040464639663696
nbr_2,0.24426430463790894
dist_urbano,0.24199503660202026
nbr_5,0.23894768953323364
oh_2,0.23796230554580688
nbr_1,0.21702450513839722
oh_5,0.21200913190841675
nbr_6,0.20822709798812866
ndvi_seca,0.199285089969635
oh_4,0.1976291537284851
oh_6,0.16980987787246704
oh_1,0.16594785451889038
nbr_3,0.14131897687911987
oh_3,0.11549657583236694
ndwi_seca,0.10548371076583862
ndvi_chuva,0.07615882158279419
dist_hidrografia,0.04660767316818237
dist_borda_floresta,0.04282861948013306
ndwi_chuva,0.042150676250457764
mde,0.03889745473861694
lst_seca,0.029343903064727783
declividade,0.024945437908172607
prec_anual,0.019241273403167725
dist_queimada,0.014922857284545898
lst_chuva,0.009565353393554688
