scenario,year,floresta,natural_nao_florestal,pastagem,agricultura_silvicultura,urbano,agua
tendencial,2025,341808.93,20612.34,417165.03,308127.6,63650.52,11017.17
tendencial,2030,340271.37,20061.63,404321.31,316762.02,68977.89,11987.37
tendencial,2035,338510.43,19542.33,393499.44,323703.45,74187.81,12938.13
tendencial,2040,336576.87,19061.37,384333.12,329240.97,79297.56,13871.7
tendencial,2045,334511.82,18621.54,376523.91,333612.9,84321.09,14790.33
tendencial,2050,332349.03,18222.84,369827.73,337016.34,89270.01,15695.64
expansao_agricola,2025,341808.93,20612.34,417165.03,308127.6,63650.52,11017.17
expansao_agricola,2030,345668.22,19451.16,383323.5,333427.95,68808.06,11702.7
expansao_agricola,2035,348461.37,18357.48,356721.84,352795.41,73686.87,12358.62
expansao_agricola,2040,350417.16,17360.1,335735.1,367535.07,78343.92,12990.24
expansao_agricola,2045,351714.24,16470.99,319108.23,378662.58,82823.67,13601.88
expansao_agricola,2050,352492.38,15690.78,305871.84,386968.86,87160.68,14197.05
pressao_floresta,2025,341808.93,20612.34,417165.02999999997,308127.6,63650.52,11017.17
pressao_floresta,2030,334383.20999999996,20746.89,417045.95999999996,309642.66,68658.20999999999,11904.66
pressao_floresta,2035,327341.33999999997,20838.96,416809.98,310935.6,73665.54,12790.17
pressao_floresta,2040,320659.92,20897.46,416456.91,312022.89,78670.89,13673.519999999999
pressao_floresta,2045,314316.72,20929.5,415989.08999999997,312919.47,83672.55,14554.26
pressao_floresta,2050,308291.04,20940.21,415409.94,313639.01999999996,88669.08,15432.3
