var,year,valid,p001,p50,p999,min,max
dist_borda_floresta,1990,1.0,-4518.462,94.868,2490.181,-6627.216796875,3742.19189453125
dist_borda_floresta,1991,1.0,-4520.553,94.868,2490.181,-6627.216796875,3742.19189453125
dist_borda_floresta,1992,1.0,-4534.882,94.868,2490.181,-6755.3310546875,3742.19189453125
dist_borda_floresta,1993,1.0,-5457.444,94.868,2490.181,-6755.3310546875,3742.19189453125
dist_borda_floresta,1994,1.0,-5286.06,94.868,2490.181,-6369.05029296875,3742.19189453125
dist_borda_floresta,1995,1.0,-5289.24,94.868,2805.926,-6369.05029296875,4245.29150390625
dist_borda_floresta,1996,1.0,-5200.709,94.868,3100.995,-6369.05029296875,4509.98876953125
dist_borda_floresta,1997,1.0,-5200.481,94.868,2662.936,-6369.05029296875,3933.204833984375
dist_borda_floresta,1998,1.0,-5528.504,94.868,2828.926,-6731.9091796875,4186.26318359375
dist_borda_floresta,1999,1.0,-5536.901,94.868,2313.115,-6731.9091796875,3465.616943359375
dist_borda_floresta,2000,1.0,-5617.578,94.868,2308.175,-6731.9091796875,3465.616943359375
dist_borda_floresta,2001,1.0,-5635.281,94.868,2122.861,-6731.9091796875,3071.888671875
dist_borda_floresta,2002,1.0,-5793.023,94.868,2054.288,-6992.1240234375,3078.4736328125
dist_borda_floresta,2003,1.0,-5796.515,108.167,2123.017,-7071.98681640625,3078.4736328125
dist_borda_floresta,2004,1.0,-5796.515,108.167,2066.519,-7071.98681640625,3078.4736328125
dist_borda_floresta,2005,1.0,-5731.396,108.167,2047.926,-6780.59716796875,3009.584716796875
dist_borda_floresta,2006,1.0,-5219.895,108.167,2083.867,-6296.927734375,3125.33203125
dist_borda_floresta,2007,1.0,-5613.429,108.167,2139.173,-6781.85791015625,3093.638671875
dist_borda_floresta,2008,1.0,-5622.5,108.167,2147.673,-6554.6396484375,3093.638671875
dist_borda_floresta,2009,1.0,-5622.5,108.167,2271.497,-6554.6396484375,3420.5263671875
dist_borda_floresta,2010,1.0,-5741.26,108.167,2284.905,-7044.8916015625,3420.5263671875
dist_borda_floresta,2011,1.0,-5739.73,108.167,2901.978,-7044.8916015625,4545.8662109375
dist_borda_floresta,2012,1.0,-5908.098,94.868,2310.779,-7044.8916015625,3406.024169921875
dist_borda_floresta,2013,1.0,-5946.512,94.868,2258.584,-7252.6201171875,3406.024169921875
dist_borda_floresta,2014,1.0,-5927.312,94.868,2078.677,-7252.6201171875,3288.114990234375
dist_borda_floresta,2015,1.0,-5968.869,90.0,2047.052,-7252.6201171875,3288.114990234375
dist_borda_floresta,2016,1.0,-5946.512,90.0,1899.737,-7240.697265625,3047.769775390625
dist_borda_floresta,2017,1.0,-5903.554,90.0,1742.231,-7240.697265625,2927.268310546875
dist_borda_floresta,2018,1.0,-5964.166,90.0,1684.085,-7240.697265625,2927.268310546875
dist_borda_floresta,2019,1.0,-5712.963,90.0,1682.409,-7240.697265625,2927.268310546875
dist_borda_floresta,2020,1.0,-5786.268,90.0,1731.121,-7240.697265625,2911.391357421875
dist_borda_floresta,2021,1.0,-5865.213,90.0,1710.231,-7636.98876953125,2745.778564453125
dist_borda_floresta,2022,1.0,-5797.767,90.0,1741.034,-7636.98876953125,2745.778564453125
dist_borda_floresta,2023,1.0,-5785.504,90.0,1740.0,-7636.98876953125,2698.332763671875
dist_borda_floresta,2024,1.0,-5801.105,90.0,1765.673,-7636.98876953125,2698.332763671875
dist_borda_floresta,2025,1.0,-5798.585,90.0,1765.673,-7636.98876953125,2698.332763671875
dist_queimada,1990,1.0,0.0,1727.021,15639.707,0.0,17669.4140625
dist_queimada,1991,1.0,0.0,1914.367,13625.766,0.0,16598.78515625
dist_queimada,1992,1.0,0.0,2112.179,14971.689,0.0,16626.5234375
dist_queimada,1993,1.0,0.0,2370.0,13212.242,0.0,14463.7646484375
dist_queimada,1994,1.0,0.0,1867.244,12629.079,0.0,13918.189453125
dist_queimada,1995,1.0,0.0,2206.377,12296.685,0.0,13918.189453125
dist_queimada,1996,1.0,0.0,1932.149,14530.041,0.0,17244.234375
dist_queimada,1997,1.0,0.0,1749.286,14530.041,0.0,17244.234375
dist_queimada,1998,1.0,0.0,1797.248,14530.041,0.0,17244.234375
dist_queimada,1999,1.0,0.0,1806.488,14325.512,0.0,17456.8046875
dist_queimada,2000,1.0,0.0,1463.865,14325.512,0.0,17456.8046875
dist_queimada,2001,1.0,0.0,1504.792,14325.512,0.0,17456.8046875
dist_queimada,2002,1.0,0.0,1425.237,13200.666,0.0,15202.779296875
dist_queimada,2003,1.0,0.0,1326.122,11802.055,0.0,14438.23046875
dist_queimada,2004,1.0,0.0,1380.326,12478.274,0.0,14316.162109375
dist_queimada,2005,1.0,0.0,1618.054,12452.203,0.0,13483.123046875
dist_queimada,2006,1.0,0.0,1570.35,12420.278,0.0,13710.525390625
dist_queimada,2007,1.0,0.0,1744.133,13124.184,0.0,14178.5791015625
dist_queimada,2008,1.0,0.0,1875.42,10825.032,0.0,12903.48828125
dist_queimada,2009,1.0,0.0,2039.338,11456.54,0.0,13630.7001953125
dist_queimada,2010,1.0,0.0,1992.009,16310.92,0.0,18498.3515625
dist_queimada,2011,1.0,0.0,1999.225,17417.776,0.0,19907.27734375
dist_queimada,2012,1.0,0.0,2053.412,18733.146,0.0,19907.27734375
dist_queimada,2013,1.0,0.0,1920.0,24632.8,0.0,26745.416015625
dist_queimada,2014,1.0,0.0,1749.286,17112.043,0.0,19583.107421875
dist_queimada,2015,1.0,0.0,1716.042,17112.043,0.0,19583.107421875
dist_queimada,2016,1.0,0.0,1492.18,17112.043,0.0,19583.107421875
dist_queimada,2017,1.0,0.0,1422.709,17112.043,0.0,19583.107421875
dist_queimada,2018,1.0,0.0,1397.176,17112.043,0.0,19583.107421875
dist_queimada,2019,1.0,0.0,1382.932,19748.22,0.0,21317.189453125
dist_queimada,2020,1.0,0.0,1332.216,15498.71,0.0,17112.126953125
dist_queimada,2021,1.0,0.0,1449.966,15435.287,0.0,17112.126953125
dist_queimada,2022,1.0,0.0,1477.329,14543.614,0.0,16508.42578125
dist_queimada,2023,1.0,0.0,1584.045,14543.614,0.0,16508.42578125
dist_queimada,2024,1.0,0.0,1323.065,14491.058,0.0,16508.2890625
dist_queimada,2025,1.0,0.0,1146.298,14491.058,0.0,16508.2890625
dist_urbano,1990,1.0,0.0,2294.363,16592.554,0.0,17643.0859375
dist_urbano,1991,1.0,0.0,2241.986,16647.487,0.0,17666.43359375
dist_urbano,1992,1.0,0.0,2193.285,16590.42,0.0,17638.3671875
dist_urbano,1993,1.0,0.0,2139.276,15627.668,0.0,16524.52734375
dist_urbano,1994,1.0,0.0,2147.673,15666.503,0.0,16573.255859375
dist_urbano,1995,1.0,0.0,2133.378,15666.503,0.0,16573.255859375
dist_urbano,1996,1.0,0.0,2163.747,15966.656,0.0,17065.88671875
dist_urbano,1997,1.0,0.0,2160.208,15966.656,0.0,17065.88671875
dist_urbano,1998,1.0,0.0,2125.771,15974.486,0.0,17088.365234375
dist_urbano,1999,1.0,0.0,2054.288,15968.996,0.0,17088.365234375
dist_urbano,2000,1.0,0.0,1950.0,16075.197,0.0,17306.568359375
dist_urbano,2001,1.0,0.0,1884.038,15220.659,0.0,16176.7890625
dist_urbano,2002,1.0,0.0,1824.089,15207.579,0.0,16176.7890625
dist_urbano,2003,1.0,0.0,1779.129,15244.499,0.0,16176.7890625
dist_urbano,2004,1.0,0.0,1779.129,15243.547,0.0,16176.7890625
dist_urbano,2005,1.0,0.0,1739.483,15201.977,0.0,16176.7890625
dist_urbano,2006,1.0,0.0,1705.784,15201.329,0.0,16176.7890625
dist_urbano,2007,1.0,0.0,1695.464,15201.329,0.0,16176.7890625
dist_urbano,2008,1.0,0.0,1663.851,15201.329,0.0,16176.7890625
dist_urbano,2009,1.0,0.0,1647.544,15759.141,0.0,17019.732421875
dist_urbano,2010,1.0,0.0,1624.438,18453.085,0.0,19691.91015625
dist_urbano,2011,1.0,0.0,1626.93,18434.154,0.0,19671.7890625
dist_urbano,2012,1.0,0.0,1626.1,18305.531,0.0,19671.7890625
dist_urbano,2013,1.0,0.0,1594.24,18305.531,0.0,19671.7890625
dist_urbano,2014,1.0,0.0,1570.637,18447.257,0.0,19814.267578125
dist_urbano,2015,1.0,0.0,1565.184,18447.257,0.0,19814.267578125
dist_urbano,2016,1.0,0.0,1544.344,16891.656,0.0,18208.615234375
dist_urbano,2017,1.0,0.0,1520.855,16891.986,0.0,18208.615234375
dist_urbano,2018,1.0,0.0,1481.891,16891.986,0.0,18208.615234375
dist_urbano,2019,1.0,0.0,1455.232,17890.583,0.0,19100.201171875
dist_urbano,2020,1.0,0.0,1422.709,17890.583,0.0,19100.201171875
dist_urbano,2021,1.0,0.0,1391.69,17884.628,0.0,19103.806640625
dist_urbano,2022,1.0,0.0,1366.236,17884.628,0.0,19103.806640625
dist_urbano,2023,1.0,0.0,1328.495,17732.839,0.0,18756.431640625
dist_urbano,2024,1.0,0.0,1315.903,16685.419,0.0,18208.615234375
dist_urbano,2025,1.0,0.0,1308.014,16679.614,0.0,18187.029296875
lst_chuva,1990,0.9977,17.934,28.458,41.746,-48.38958740234375,61.345947265625
lst_chuva,1991,0.9977,1.777,26.108,40.652,-28.1173095703125,60.16331100463867
lst_chuva,1992,0.9977,-14.792,29.177,43.254,-24.9533634185791,71.1864242553711
lst_chuva,1993,0.9977,-13.213,25.6,42.434,-66.80929565429688,55.56607437133789
lst_chuva,1994,0.9977,-12.686,28.386,43.557,-35.5036506652832,63.13357162475586
lst_chuva,1995,0.9977,-3.879,26.453,41.055,-66.80929565429688,55.56607437133789
lst_chuva,1996,0.9977,8.261,24.941,43.183,-53.991722106933594,62.85914993286133
lst_chuva,1997,0.9977,15.151,27.87,41.412,-62.242820739746094,63.531768798828125
lst_chuva,1998,0.9977,10.664,24.441,36.186,-15.551814079284668,71.0291976928711
lst_chuva,1999,0.9977,6.434,26.568,37.952,-51.52732849121094,63.102237701416016
lst_chuva,2000,0.9979,11.062,29.411,46.251,-123.14852142333984,99.84993743896484
lst_chuva,2001,0.9979,18.924,29.324,40.244,-123.14852142333984,99.84993743896484
lst_chuva,2002,0.9979,-50.083,3.98,66.799,-123.14852142333984,99.84993743896484
lst_chuva,2003,0.9979,22.466,31.948,45.934,-123.14852142333984,99.84993743896484
lst_chuva,2004,0.9979,11.686,29.077,40.481,-123.14852142333984,99.84993743896484
lst_chuva,2005,0.9979,8.216,29.136,43.385,-123.14852142333984,99.84993743896484
lst_chuva,2006,0.9979,16.107,31.666,48.028,-123.14852142333984,99.84993743896484
lst_chuva,2007,0.9977,15.348,29.035,42.559,-1.3587708473205566,65.89988708496094
lst_chuva,2008,0.9977,12.176,28.478,40.573,-26.469823837280273,65.18096160888672
lst_chuva,2009,0.9977,18.18,28.989,42.131,-1.4362459182739258,70.16785430908203
lst_chuva,2010,0.9977,9.523,27.299,41.266,-1.6180846691131592,62.39869689941406
lst_chuva,2011,0.9977,4.578,29.354,44.358,-56.777408599853516,70.45838928222656
lst_chuva,2012,0.9977,20.723,30.005,43.715,3.396834373474121,71.40176391601562
lst_chuva,2013,0.9977,12.735,29.767,43.283,3.1644089221954346,62.2952995300293
lst_chuva,2014,0.9977,22.43,31.919,46.897,14.720734596252441,72.81340026855469
lst_chuva,2015,0.9977,18.872,31.561,46.512,-6.272744178771973,72.58610534667969
lst_chuva,2016,0.9977,11.906,28.443,43.371,-11.498896598815918,61.14200210571289
lst_chuva,2017,0.9977,16.764,30.502,45.274,1.2263916730880737,67.46192169189453
lst_chuva,2018,0.9977,5.671,30.413,46.504,-7.748189449310303,60.7990608215332
lst_chuva,2019,0.9977,23.265,31.741,45.754,5.0340657234191895,70.21570587158203
lst_chuva,2020,0.9977,18.752,29.442,42.491,8.106865882873535,65.97907257080078
lst_chuva,2021,0.9977,13.133,27.979,40.224,-22.115266799926758,66.21548461914062
lst_chuva,2022,0.9977,20.128,29.854,43.46,8.130791664123535,68.43577575683594
lst_chuva,2023,0.9977,18.953,28.466,41.408,4.818047046661377,64.43925476074219
lst_chuva,2024,0.9977,21.375,30.826,42.502,-0.45185619592666626,66.36018371582031
lst_chuva,2025,0.9977,22.475,31.451,46.566,14.095236778259277,68.46824645996094
lst_seca,1990,0.9977,13.53,19.792,28.563,5.9859843254089355,55.758338928222656
lst_seca,1991,0.9977,12.166,20.593,32.908,-7.773254871368408,66.17902374267578
lst_seca,1992,0.9977,7.558,23.617,37.181,-35.10374450683594,64.90410614013672
lst_seca,1993,0.9977,6.401,19.574,30.319,-24.93171501159668,48.81662368774414
lst_seca,1994,0.9977,14.606,23.271,32.977,5.715391159057617,59.20626449584961
lst_seca,1995,0.9977,14.136,20.671,29.042,5.929587364196777,51.641048431396484
lst_seca,1996,0.9977,10.816,20.338,30.594,-27.63195037841797,54.42274475097656
lst_seca,1997,0.9977,13.427,22.281,31.049,9.24848461151123,63.03672409057617
lst_seca,1998,0.9977,12.738,20.015,30.6,-37.786888122558594,86.57776641845703
lst_seca,1999,0.9978,17.639,25.192,36.049,-123.14852142333984,93.27024841308594
lst_seca,2000,0.9978,16.734,24.56,33.572,-123.14852142333984,93.27024841308594
lst_seca,2001,0.9978,-4.749,20.401,34.623,-123.14852142333984,93.27024841308594
lst_seca,2002,0.9979,15.023,22.481,31.263,-123.14852142333984,93.27024841308594
lst_seca,2003,0.9979,11.132,23.019,35.812,-123.14852142333984,93.27024841308594
lst_seca,2004,0.9979,16.182,23.97,34.452,-123.14852142333984,93.27024841308594
lst_seca,2005,0.9979,17.364,23.442,31.985,-123.14852142333984,93.27024841308594
lst_seca,2006,0.9977,15.166,22.331,31.285,12.254063606262207,55.49315643310547
lst_seca,2007,0.9977,17.235,24.446,33.99,12.717774391174316,62.37525939941406
lst_seca,2008,0.9977,16.19,23.175,33.069,9.715614318847656,55.898990631103516
lst_seca,2009,0.9977,15.647,23.34,33.202,5.759255886077881,56.623382568359375
lst_seca,2010,0.9977,15.85,24.458,34.679,7.040443420410156,58.191795349121094
lst_seca,2011,0.9977,13.258,23.297,33.867,3.4532315731048584,57.55839920043945
lst_seca,2012,0.9978,13.01,22.992,37.291,-4.8320488929748535,63.907752990722656
lst_seca,2013,0.9978,17.357,23.367,33.023,-4.498791694641113,55.781410217285156
lst_seca,2014,0.9978,14.571,23.539,35.709,-4.498791694641113,63.19680404663086
lst_seca,2015,0.9978,18.436,24.121,32.982,-4.498791694641113,53.70872116088867
lst_seca,2016,0.9978,12.754,21.727,31.185,-8.985512733459473,52.83849334716797
lst_seca,2017,0.9978,18.034,25.849,36.153,-4.498791694641113,56.60173416137695
lst_seca,2018,0.9978,17.33,24.491,33.846,-4.498791694641113,54.68324661254883
lst_seca,2019,0.9977,18.101,23.6,32.445,-2.3454391956329346,53.613243103027344
lst_seca,2020,0.9977,17.379,24.172,34.615,6.348104476928711,59.06808090209961
lst_seca,2021,0.9977,10.506,20.207,30.772,3.861685037612915,56.619964599609375
lst_seca,2022,0.9977,16.369,22.276,32.504,-3.1221842765808105,55.21641159057617
lst_seca,2023,0.9977,17.072,22.472,31.227,7.778736114501953,52.27354431152344
lst_seca,2024,0.9977,18.613,25.565,34.387,9.210886001586914,56.8253288269043
lst_seca,2025,0.9977,14.039,22.195,32.219,6.280788898468018,52.72091293334961
ndvi_chuva,1990,1.0,-0.255,0.697,0.89,-0.45533907413482666,0.9501686096191406
ndvi_chuva,1991,1.0,-0.365,0.678,0.88,-0.5683972239494324,0.9946296215057373
ndvi_chuva,1992,1.0,-0.032,0.601,0.86,-0.3623679280281067,0.895893931388855
ndvi_chuva,1993,1.0,-0.039,0.637,0.854,-0.5302395224571228,0.90439772605896
ndvi_chuva,1994,1.0,-0.248,0.641,0.872,-0.6862368583679199,0.9115151166915894
ndvi_chuva,1995,1.0,-0.145,0.643,0.857,-0.41461363434791565,0.9021530151367188
ndvi_chuva,1996,1.0,-0.168,0.698,0.916,-0.6066327691078186,0.9777225255966187
ndvi_chuva,1997,1.0,-0.299,0.696,0.915,-0.7629985809326172,0.9913524389266968
ndvi_chuva,1998,1.0,-0.098,0.682,0.881,-0.41985198855400085,0.9197319746017456
ndvi_chuva,1999,1.0,-0.27,0.701,0.901,-0.6539364457130432,0.9843034148216248
ndvi_chuva,2000,1.0,-0.124,0.677,0.912,-0.40076324343681335,0.9714338183403015
ndvi_chuva,2001,1.0,-0.153,0.714,0.9,-0.37811577320098877,0.9507489204406738
ndvi_chuva,2002,1.0,-0.049,0.68,0.899,-0.3925144076347351,0.9485598802566528
ndvi_chuva,2003,1.0,-0.183,0.738,0.922,-0.46450889110565186,0.9547751545906067
ndvi_chuva,2004,1.0,-0.161,0.704,0.907,-0.44942277669906616,0.9933897256851196
ndvi_chuva,2005,1.0,-0.029,0.686,0.891,-0.4352400302886963,0.9570721983909607
ndvi_chuva,2006,1.0,-0.147,0.717,0.925,-0.5133622288703918,0.9894944429397583
ndvi_chuva,2007,1.0,-0.009,0.719,0.93,-0.5013894438743591,0.9567766785621643
ndvi_chuva,2008,1.0,-0.041,0.726,0.924,-0.7000598907470703,0.9833261370658875
ndvi_chuva,2009,1.0,-0.012,0.702,0.896,-0.43365994095802307,0.9395726919174194
ndvi_chuva,2010,1.0,-0.032,0.712,0.904,-0.45112162828445435,0.9329485297203064
ndvi_chuva,2011,1.0,-0.049,0.715,0.924,-0.41860100626945496,0.9998487830162048
ndvi_chuva,2012,1.0,-0.133,0.75,0.931,-0.5255962610244751,0.9903102517127991
ndvi_chuva,2013,1.0,-0.178,0.759,0.936,-0.996927797794342,0.9987877607345581
ndvi_chuva,2014,1.0,-0.226,0.733,0.93,-0.8885976672172546,0.9485511183738708
ndvi_chuva,2015,1.0,-0.114,0.766,0.923,-0.6501695513725281,0.9999669194221497
ndvi_chuva,2016,1.0,-0.171,0.76,0.931,-0.6893951892852783,0.999238908290863
ndvi_chuva,2017,1.0,-0.293,0.762,0.923,-0.8448677659034729,0.9800383448600769
ndvi_chuva,2018,1.0,-0.172,0.764,0.937,-0.7001303434371948,0.9924710392951965
ndvi_chuva,2019,1.0,-0.189,0.761,0.932,-0.8725436925888062,0.9583152532577515
ndvi_chuva,2020,1.0,-0.143,0.766,0.931,-0.5530504584312439,0.9874956607818604
ndvi_chuva,2021,1.0,-0.18,0.75,0.932,-0.5851560831069946,0.9939116835594177
ndvi_chuva,2022,1.0,-0.213,0.772,0.927,-0.5972766280174255,0.9596429467201233
ndvi_chuva,2023,1.0,-0.161,0.789,0.934,-0.8423020839691162,0.9635326266288757
ndvi_chuva,2024,1.0,-0.296,0.767,0.932,-0.6459148526191711,0.9964950084686279
ndvi_chuva,2025,1.0,-0.277,0.759,0.927,-0.7470135688781738,0.96909499168396
ndvi_seca,1990,1.0,-0.333,0.505,0.868,-0.6925329566001892,0.9245429635047913
ndvi_seca,1991,1.0,-0.267,0.539,0.858,-0.49030062556266785,0.9018164873123169
ndvi_seca,1992,1.0,-0.036,0.522,0.843,-0.27537965774536133,0.886349618434906
ndvi_seca,1993,1.0,-0.213,0.491,0.895,-0.48093822598457336,0.9992128014564514
ndvi_seca,1994,1.0,-0.331,0.431,0.856,-0.5727936029434204,0.9159579277038574
ndvi_seca,1995,1.0,-0.159,0.556,0.863,-0.4998049736022949,0.9346362352371216
ndvi_seca,1996,1.0,-0.279,0.526,0.88,-0.5505193471908569,0.9339092373847961
ndvi_seca,1997,1.0,-0.182,0.57,0.876,-0.5513327121734619,0.9316505789756775
ndvi_seca,1998,1.0,-0.131,0.557,0.905,-0.9845343828201294,0.9906725883483887
ndvi_seca,1999,1.0,-0.182,0.509,0.863,-0.4677499532699585,0.89825439453125
ndvi_seca,2000,1.0,-0.173,0.478,0.869,-0.4750886559486389,0.9049524664878845
ndvi_seca,2001,1.0,-0.193,0.58,0.886,-0.4550836980342865,0.9151094555854797
ndvi_seca,2002,1.0,-0.131,0.554,0.885,-0.42848068475723267,0.9630721807479858
ndvi_seca,2003,1.0,-0.179,0.508,0.883,-0.5061262249946594,0.9623991250991821
ndvi_seca,2004,1.0,-0.135,0.528,0.874,-0.5280188918113708,0.9197083711624146
ndvi_seca,2005,1.0,-0.116,0.582,0.889,-0.47284504771232605,0.9269677996635437
ndvi_seca,2006,1.0,-0.142,0.53,0.877,-0.46661484241485596,0.9123926758766174
ndvi_seca,2007,1.0,-0.086,0.53,0.862,-0.4183061718940735,0.8940957188606262
ndvi_seca,2008,1.0,-0.049,0.579,0.88,-0.42261457443237305,0.908294141292572
ndvi_seca,2009,1.0,-0.127,0.614,0.898,-0.8775103688240051,0.9369428753852844
ndvi_seca,2010,1.0,-0.096,0.555,0.893,-0.468340128660202,0.961346447467804
ndvi_seca,2011,1.0,-0.115,0.537,0.882,-0.4461451470851898,0.9419600367546082
ndvi_seca,2012,1.0,-0.141,0.579,0.909,-0.4708980321884155,0.979296088218689
ndvi_seca,2013,1.0,-0.314,0.662,0.925,-0.6025333404541016,0.9449167847633362
ndvi_seca,2014,1.0,-0.278,0.638,0.919,-0.7042560577392578,0.943458080291748
ndvi_seca,2015,1.0,-0.28,0.679,0.929,-0.7312928438186646,0.9449743628501892
ndvi_seca,2016,1.0,-0.35,0.601,0.914,-0.7907299399375916,0.9575912952423096
ndvi_seca,2017,1.0,-0.248,0.64,0.91,-0.6133933663368225,0.9321823120117188
ndvi_seca,2018,1.0,-0.31,0.606,0.917,-0.6639600396156311,0.9413904547691345
ndvi_seca,2019,1.0,-0.223,0.671,0.91,-0.5662274956703186,0.938662588596344
ndvi_seca,2020,1.0,-0.233,0.625,0.911,-0.5759693384170532,0.9398009777069092
ndvi_seca,2021,1.0,-0.193,0.598,0.912,-0.4891259968280792,0.9980912208557129
ndvi_seca,2022,1.0,-0.149,0.626,0.898,-0.5033003091812134,0.9224955439567566
ndvi_seca,2023,1.0,-0.225,0.669,0.908,-0.5503982901573181,0.9679775238037109
ndvi_seca,2024,1.0,-0.226,0.616,0.907,-0.6692580580711365,0.928252100944519
ndvi_seca,2025,1.0,-0.391,0.643,0.925,-0.7239587903022766,0.9464901685714722
ndwi_chuva,1990,1.0,-0.203,0.274,0.68,-0.39979231357574463,0.9265726804733276
ndwi_chuva,1991,1.0,-0.203,0.273,0.707,-0.4148555099964142,0.9986333250999451
ndwi_chuva,1992,1.0,-0.181,0.246,0.618,-0.6294041275978088,0.9217919111251831
ndwi_chuva,1993,1.0,-0.205,0.263,0.607,-0.48774799704551697,0.9308029413223267
ndwi_chuva,1994,1.0,-0.202,0.252,0.616,-0.357561856508255,0.9964298009872437
ndwi_chuva,1995,1.0,-0.188,0.259,0.603,-0.3105711340904236,0.8447594046592712
ndwi_chuva,1996,1.0,-0.216,0.284,0.626,-0.41113927960395813,0.9788475632667542
ndwi_chuva,1997,1.0,-0.212,0.291,0.698,-0.4118523895740509,0.9992513060569763
ndwi_chuva,1998,1.0,-0.17,0.29,0.601,-0.32118889689445496,0.9724454879760742
ndwi_chuva,1999,1.0,-0.185,0.287,0.62,-0.8625355362892151,0.9418198466300964
ndwi_chuva,2000,1.0,-0.193,0.254,0.597,-0.7304992079734802,0.8648744821548462
ndwi_chuva,2001,1.0,-0.178,0.273,0.594,-0.33477774262428284,0.8593829274177551
ndwi_chuva,2002,1.0,-0.156,0.272,0.584,-0.33114784955978394,0.9348437190055847
ndwi_chuva,2003,1.0,-0.205,0.278,0.618,-0.3475751578807831,0.9722737073898315
ndwi_chuva,2004,1.0,-0.191,0.271,0.6,-0.3698573708534241,0.8917577862739563
ndwi_chuva,2005,1.0,-0.218,0.247,0.598,-0.3588014245033264,0.8986003994941711
ndwi_chuva,2006,1.0,-0.224,0.268,0.615,-0.3644913136959076,0.9903809428215027
ndwi_chuva,2007,1.0,-0.204,0.287,0.62,-0.3629681169986725,0.8782772421836853
ndwi_chuva,2008,1.0,-0.239,0.288,0.613,-0.3709961771965027,0.9414552450180054
ndwi_chuva,2009,1.0,-0.181,0.29,0.608,-0.3303513526916504,0.8769662976264954
ndwi_chuva,2010,1.0,-0.169,0.299,0.586,-0.3411262631416321,0.8231329321861267
ndwi_chuva,2011,1.0,-0.197,0.301,0.598,-0.3565572500228882,0.999478816986084
ndwi_chuva,2012,1.0,-0.217,0.296,0.634,-0.35619890689849854,0.948298990726471
ndwi_chuva,2013,1.0,-0.199,0.318,0.624,-0.9880239367485046,0.9931497573852539
ndwi_chuva,2014,1.0,-0.192,0.285,0.624,-0.3162735104560852,0.8733770251274109
ndwi_chuva,2015,1.0,-0.179,0.326,0.608,-0.31334495544433594,0.8569574952125549
ndwi_chuva,2016,1.0,-0.19,0.324,0.607,-0.3682197630405426,0.8920128345489502
ndwi_chuva,2017,1.0,-0.186,0.323,0.613,-0.6183493137359619,0.8557645678520203
ndwi_chuva,2018,1.0,-0.235,0.32,0.633,-0.3369637429714203,0.930936872959137
ndwi_chuva,2019,1.0,-0.191,0.326,0.622,-0.575120210647583,0.9054787755012512
ndwi_chuva,2020,1.0,-0.206,0.33,0.622,-0.36164215207099915,0.9133222103118896
ndwi_chuva,2021,1.0,-0.21,0.331,0.636,-0.3685557544231415,0.8991413712501526
ndwi_chuva,2022,1.0,-0.176,0.335,0.626,-0.3087916374206543,0.8998948335647583
ndwi_chuva,2023,1.0,-0.198,0.351,0.626,-0.35267120599746704,0.912513017654419
ndwi_chuva,2024,1.0,-0.173,0.321,0.617,-0.5424872040748596,0.9043789505958557
ndwi_chuva,2025,1.0,-0.196,0.321,0.598,-0.48051074147224426,0.9943752288818359
ndwi_seca,1990,1.0,-0.249,0.076,0.623,-0.7013580203056335,0.9774217009544373
ndwi_seca,1991,1.0,-0.242,0.127,0.636,-0.3676964044570923,0.8746612668037415
ndwi_seca,1992,1.0,-0.254,0.086,0.581,-0.5698668360710144,0.9075278043746948
ndwi_seca,1993,1.0,-0.214,0.108,0.679,-0.46422088146209717,0.9574958682060242
ndwi_seca,1994,1.0,-0.28,0.005,0.633,-0.6285703778266907,0.976510226726532
ndwi_seca,1995,1.0,-0.235,0.141,0.635,-0.3665028214454651,0.9312946796417236
ndwi_seca,1996,1.0,-0.262,0.079,0.629,-0.4047832787036896,0.9110185503959656
ndwi_seca,1997,1.0,-0.252,0.097,0.603,-0.4561803936958313,0.9237757325172424
ndwi_seca,1998,1.0,-0.244,0.128,0.62,-0.9597947001457214,0.9937875866889954
ndwi_seca,1999,1.0,-0.263,0.054,0.579,-0.3730919659137726,0.871605396270752
ndwi_seca,2000,1.0,-0.273,0.017,0.581,-0.38683363795280457,0.8706822991371155
ndwi_seca,2001,1.0,-0.209,0.135,0.584,-0.3571256697177887,0.8880358934402466
ndwi_seca,2002,1.0,-0.245,0.102,0.574,-0.3714168667793274,0.8732903599739075
ndwi_seca,2003,1.0,-0.266,0.058,0.587,-0.3846599757671356,0.9275440573692322
ndwi_seca,2004,1.0,-0.237,0.09,0.575,-0.3773771822452545,0.8730533123016357
ndwi_seca,2005,1.0,-0.237,0.132,0.596,-0.3945654630661011,0.9045333862304688
ndwi_seca,2006,1.0,-0.235,0.094,0.59,-0.35042986273765564,0.8638530373573303
ndwi_seca,2007,1.0,-0.244,0.092,0.578,-0.35239681601524353,0.8554657101631165
ndwi_seca,2008,1.0,-0.223,0.144,0.589,-0.356116384267807,0.8515015244483948
ndwi_seca,2009,1.0,-0.253,0.151,0.605,-0.40906769037246704,0.9473773241043091
ndwi_seca,2010,1.0,-0.254,0.109,0.586,-0.4430753290653229,0.8579834699630737
ndwi_seca,2011,1.0,-0.247,0.09,0.571,-0.3654536306858063,0.7999849319458008
ndwi_seca,2012,1.0,-0.256,0.155,0.589,-0.3934197425842285,0.9340793490409851
ndwi_seca,2013,1.0,-0.227,0.198,0.614,-0.36747103929519653,0.8362276554107666
ndwi_seca,2014,1.0,-0.248,0.163,0.613,-0.4363144338130951,0.8250314593315125
ndwi_seca,2015,1.0,-0.223,0.209,0.623,-0.4313693344593048,0.9048681855201721
ndwi_seca,2016,1.0,-0.24,0.14,0.595,-0.5593220591545105,0.8414746522903442
ndwi_seca,2017,1.0,-0.228,0.179,0.604,-0.3335990905761719,0.8978940844535828
ndwi_seca,2018,1.0,-0.245,0.126,0.6,-0.3400900065898895,0.8967180252075195
ndwi_seca,2019,1.0,-0.232,0.213,0.596,-0.368216872215271,0.9078729748725891
ndwi_seca,2020,1.0,-0.236,0.169,0.611,-0.38057178258895874,0.8691096901893616
ndwi_seca,2021,1.0,-0.229,0.18,0.618,-0.33801791071891785,0.9569705724716187
ndwi_seca,2022,1.0,-0.22,0.173,0.597,-0.4433928430080414,0.8305124640464783
ndwi_seca,2023,1.0,-0.217,0.224,0.602,-0.5714532732963562,0.8717548847198486
ndwi_seca,2024,1.0,-0.236,0.154,0.573,-0.4999924302101135,0.8731487393379211
ndwi_seca,2025,1.0,-0.235,0.178,0.608,-0.6099517345428467,0.8915974497795105
prec_anual,1990,1.0,1125.408,1316.742,1757.74,1124.6455078125,1771.04638671875
prec_anual,1991,1.0,1423.759,1649.934,2030.859,1409.4969482421875,2045.9149169921875
prec_anual,1992,1.0,1052.203,1309.181,1674.526,1049.771728515625,1687.7366943359375
prec_anual,1993,1.0,1219.106,1375.311,1834.013,1206.865234375,1845.037841796875
prec_anual,1994,1.0,920.618,1086.187,1670.414,918.62744140625,1694.5325927734375
prec_anual,1995,1.0,1196.983,1439.947,2132.232,1196.8375244140625,2161.926513671875
prec_anual,1996,1.0,1154.6,1352.608,2017.894,1147.209716796875,2040.178955078125
prec_anual,1997,1.0,1229.494,1500.984,1922.598,1213.130859375,1941.0286865234375
prec_anual,1998,1.0,1536.393,1739.351,2051.85,1532.4183349609375,2065.436767578125
prec_anual,1999,1.0,1273.64,1413.592,1756.073,1272.70263671875,1769.7581787109375
prec_anual,2000,1.0,1304.059,1439.016,1755.861,1302.936279296875,1776.3929443359375
prec_anual,2001,1.0,1437.355,1561.738,1735.4,1434.4307861328125,1742.2998046875
prec_anual,2002,1.0,1285.909,1400.239,1668.615,1284.259033203125,1678.876708984375
prec_anual,2003,1.0,1253.234,1392.082,1640.427,1252.12744140625,1652.270263671875
prec_anual,2004,1.0,1421.541,1591.541,2013.571,1420.2166748046875,2029.6146240234375
prec_anual,2005,1.0,1399.767,1582.637,1967.72,1396.84912109375,1982.7982177734375
prec_anual,2006,1.0,1357.653,1503.872,1787.17,1353.2332763671875,1794.45947265625
prec_anual,2007,1.0,1327.134,1439.977,1700.576,1325.4161376953125,1711.78857421875
prec_anual,2008,1.0,1352.023,1529.052,1890.756,1349.2076416015625,1912.2166748046875
prec_anual,2009,1.0,1817.735,2015.711,2388.691,1816.4815673828125,2404.6044921875
prec_anual,2010,1.0,1462.467,1743.24,2201.133,1452.2025146484375,2217.80810546875
prec_anual,2011,1.0,1383.248,1516.539,1695.9,1376.4652099609375,1704.0889892578125
prec_anual,2012,1.0,1394.668,1669.869,1883.421,1370.8565673828125,1898.6182861328125
prec_anual,2013,1.0,1330.362,1465.523,1646.437,1324.0115966796875,1665.3521728515625
prec_anual,2014,1.0,1054.579,1276.243,1526.887,1050.1396484375,1532.9691162109375
prec_anual,2015,1.0,1485.326,1592.437,1855.418,1482.8812255859375,1872.9149169921875
prec_anual,2016,1.0,1421.404,1492.95,1711.928,1417.5726318359375,1717.3922119140625
prec_anual,2017,1.0,1511.718,1648.308,1821.413,1500.2757568359375,1828.2967529296875
prec_anual,2018,1.0,1130.961,1210.489,1442.419,1129.3232421875,1462.717529296875
prec_anual,2019,1.0,1180.044,1341.358,1545.792,1173.8245849609375,1556.63818359375
prec_anual,2020,1.0,1050.695,1187.737,1395.43,1046.9609375,1410.0213623046875
prec_anual,2021,1.0,897.523,990.937,1257.658,894.626953125,1267.798583984375
prec_anual,2022,1.0,1119.821,1214.756,1434.537,1117.90185546875,1444.345458984375
prec_anual,2023,1.0,1307.596,1493.026,1648.831,1304.9522705078125,1660.6219482421875
prec_anual,2024,1.0,1156.263,1316.723,1494.336,1148.4403076171875,1504.8131103515625
prec_anual,2025,1.0,1156.263,1316.723,1494.336,1148.4403076171875,1504.8131103515625
