uc_a,uc_b,nome_a,nome_b,comprimento_km,custo,caminho_VSOMA_medio,corredor_VSOMA_medio,caminho_pct_VSOMA_ge1,caminho_pct_VSOMA_le1,caminho_pct_VSOMA_ge3,corredor_pct_VSOMA_ge3,caminho_pct_VSOMA_0,caminho_pct_VSOMA_1,caminho_pct_VSOMA_2,caminho_pct_VSOMA_3+,caminho_pct_mamiferos,caminho_pct_aves,caminho_pct_herpetofauna,caminho_pct_fanerogamas,caminho_pct_criptogamas,caminho_pct_invertebrados,caminho_pct_paisagem,caminho_pct_peixes,nao_contemplada
1,2,APA AVECUIA,APA DO ENGENHO D´ÁGUA,5.85,6519.494008475947,1.0,1.0,100.0,100.0,0.0,0.0,0.0,100.0,0.0,0.0,0.0,0.0,0.0,100.0,0.0,0.0,0.0,0.0,True
1,7,APA AVECUIA,FLORESTA NACIONAL DE IPANEMA,13.23,12155.001615218773,1.691609977324263,1.8988081258806953,100.0,30.839002267573694,0.0,2.9620713950211366,0.0,30.839002267573694,69.1609977324263,0.0,0.0,0.0,0.0,100.0,0.0,69.1609977324263,0.0,0.0,False
1,10,APA AVECUIA,PARQUE NATURAL MUNICIPAL CORREDORES DE BIODIVERSIDADE,3.06,3104.2511883200773,1.0,1.0,100.0,100.0,0.0,0.0,0.0,100.0,0.0,0.0,0.0,0.0,0.0,100.0,0.0,0.0,0.0,0.0,True
1,16,APA AVECUIA,ÁREA DE PROTEÇÃO AMBIENTAL CABREUVA,37.89,11194.955113493348,2.6587490102929534,3.6630799524339106,100.0,43.86381631037213,34.52098178939034,63.40155311947851,0.0,43.86381631037213,21.61520190023753,34.52098178939034,56.13618368962787,34.52098178939034,29.453681710213775,100.0,0.0,32.066508313539195,13.697545526524149,0.0,False
1,17,APA AVECUIA,ÁREA DE PROTEÇÃO AMBIENTAL ITUPARARANGA,63.72,12973.89032180474,3.3893596986817327,4.112289667807723,100.0,26.08286252354049,61.06403013182674,87.74393996545632,0.0,26.08286252354049,12.85310734463277,61.06403013182674,73.91713747645952,61.06403013182674,22.693032015065913,100.0,0.0,59.6045197740113,21.657250470809792,0.0,False
1,19,APA AVECUIA,ÁREA DE PROTEÇÃO AMBIENTAL TIETÊ,14.67,5958.6047942758505,1.0,1.0,100.0,100.0,0.0,0.0,0.0,100.0,0.0,0.0,0.0,0.0,0.0,100.0,0.0,0.0,0.0,0.0,True
2,7,APA DO ENGENHO D´ÁGUA,FLORESTA NACIONAL DE IPANEMA,32.43,14714.478887366316,1.1914893617021276,1.1838870608215688,100.0,80.85106382978722,0.0,0.0,0.0,80.85106382978722,19.148936170212767,0.0,0.0,0.0,0.0,100.0,0.0,19.148936170212767,0.0,0.0,True
2,19,APA DO ENGENHO D´ÁGUA,ÁREA DE PROTEÇÃO AMBIENTAL TIETÊ,5.97,2848.800574299988,1.0,1.0,100.0,100.0,0.0,0.0,0.0,100.0,0.0,0.0,0.0,0.0,0.0,100.0,0.0,0.0,0.0,0.0,True
4,5,ESTAÇÃO ECOLÓGICA GOVERNADOR MARIO COVAS,ESTAÇÃO ECOLÓGICA MUNICIPAL DO PIRAJIBU,5.25,1864.6711395993657,1.0,1.2168468981217986,100.0,100.0,0.0,0.0,0.0,100.0,0.0,0.0,0.0,0.0,0.0,100.0,0.0,0.0,0.0,0.0,True
4,6,ESTAÇÃO ECOLÓGICA GOVERNADOR MARIO COVAS,ESTAÇÃO EXPERIMENTAL DE ITUPAPETINIGA,109.02,15851.157169640752,1.4504678040726473,1.5514389514648068,100.0,59.63126031920748,3.9350577875619153,5.798235204423259,0.0,59.63126031920748,36.4336818932306,3.9350577875619153,33.21408915795267,3.9350577875619153,7.154650522839846,100.0,0.0,0.0,0.7429829389102918,0.0,True
4,16,ESTAÇÃO ECOLÓGICA GOVERNADOR MARIO COVAS,ÁREA DE PROTEÇÃO AMBIENTAL CABREUVA,35.94,3623.46543777616,3.7512520868113524,4.169601254155115,100.0,0.0,79.88313856427379,90.2911846249873,0.0,0.0,20.11686143572621,79.88313856427379,100.0,79.88313856427379,12.270450751252087,100.0,0.0,43.989983305509185,38.981636060100165,0.0,False
4,17,ESTAÇÃO ECOLÓGICA GOVERNADOR MARIO COVAS,ÁREA DE PROTEÇÃO AMBIENTAL ITUPARARANGA,22.89,3450.909955141861,1.7771952817824377,2.004418340549365,100.0,44.56094364351245,18.74180865006553,31.524593654624173,0.0,44.56094364351245,36.69724770642202,18.74180865006553,55.43905635648755,18.74180865006553,0.0,100.0,0.0,0.0,3.5386631716906947,0.0,False
5,7,ESTAÇÃO ECOLÓGICA MUNICIPAL DO PIRAJIBU,FLORESTA NACIONAL DE IPANEMA,20.28,17450.49421873668,1.4511834319526626,1.6402656444999109,100.0,54.88165680473372,0.0,0.808224876686278,0.0,54.88165680473372,45.11834319526627,0.0,0.0,0.0,0.0,100.0,0.0,45.11834319526627,0.0,0.0,True
5,10,ESTAÇÃO ECOLÓGICA MUNICIPAL DO PIRAJIBU,PARQUE NATURAL MUNICIPAL CORREDORES DE BIODIVERSIDADE,8.01,5763.372254856497,1.0,1.0,100.0,100.0,0.0,0.0,0.0,100.0,0.0,0.0,0.0,0.0,0.0,100.0,0.0,0.0,0.0,0.0,True
6,7,ESTAÇÃO EXPERIMENTAL DE ITUPAPETINIGA,FLORESTA NACIONAL DE IPANEMA,65.97,14729.09829513764,1.17462482946794,1.375648927116982,100.0,84.17462482946793,1.6371077762619373,6.663741648238069,0.0,84.17462482946793,14.188267394270124,1.6371077762619373,0.0,0.0,11.869031377899045,100.0,0.0,3.956343792633015,1.6371077762619373,0.0,True
6,8,ESTAÇÃO EXPERIMENTAL DE ITUPAPETINIGA,PARQUE ESTADUAL CARLOS BOTELHO,72.06,8348.800753768912,1.6240632805995003,1.5633495172112815,100.0,38.38467943380516,0.7910074937552041,0.8983688833124216,0.0,38.38467943380516,60.82431307243963,0.7910074937552041,26.769358867610325,0.0,24.063280599500416,98.66777685262281,0.0,0.0,12.905911740216485,0.0,False
6,18,ESTAÇÃO EXPERIMENTAL DE ITUPAPETINIGA,ÁREA DE PROTEÇÃO AMBIENTAL SERRA DO MAR,47.91,8389.886645336788,2.2961803381340014,1.9134685290887434,100.0,0.0,28.741390106449593,15.647129797206366,0.0,0.0,71.2586098935504,28.741390106449593,23.669380087664372,0.0,84.84658735128366,100.0,0.0,0.0,21.102066374452097,0.0,False
7,9,FLORESTA NACIONAL DE IPANEMA,PARQUE ESTADUAL DO JURUPARÁ,86.04,17460.21936167414,1.5523012552301256,1.9791507712721845,100.0,48.709902370990235,3.730822873082287,19.696084310448217,0.0,48.709902370990235,47.559274755927476,3.730822873082287,48.25662482566248,0.0,0.0,93.23570432357043,0.0,12.482566248256626,1.2552301255230125,0.0,False
7,10,FLORESTA NACIONAL DE IPANEMA,PARQUE NATURAL MUNICIPAL CORREDORES DE BIODIVERSIDADE,12.21,12898.246168478165,1.746928746928747,1.7295650046883282,100.0,25.307125307125304,0.0,1.086469077418566,0.0,25.307125307125304,74.69287469287468,0.0,0.0,0.0,0.0,100.0,0.0,74.69287469287468,0.0,0.0,False
7,16,FLORESTA NACIONAL DE IPANEMA,ÁREA DE PROTEÇÃO AMBIENTAL CABREUVA,119.13,21323.985268620105,1.9740619491312013,2.6162742856372017,100.0,54.72173256106774,22.99168975069252,43.360042897178296,0.0,54.72173256106774,22.28657768823974,22.99168975069252,43.08738353059683,22.437673130193904,3.701838327877109,100.0,0.0,15.462100226643164,12.717199697809118,0.0,True
7,17,FLORESTA NACIONAL DE IPANEMA,ÁREA DE PROTEÇÃO AMBIENTAL ITUPARARANGA,65.79,14625.848511775628,1.3730050159598723,1.6413579120277424,100.0,63.702690378476966,1.0031919744642042,6.771009427949936,0.0,63.702690378476966,35.294117647058826,1.0031919744642042,32.33014135886913,0.0,0.0,100.0,0.0,3.9671682626538987,1.0031919744642042,0.0,True
7,18,FLORESTA NACIONAL DE IPANEMA,ÁREA DE PROTEÇÃO AMBIENTAL SERRA DO MAR,86.28,17554.470370525483,1.6216968011126565,1.6630469005938897,100.0,55.04172461752434,16.72461752433936,13.057926879790537,0.0,55.04172461752434,28.2336578581363,16.72461752433936,13.143254520166897,0.0,33.51877607788595,100.0,0.0,3.0250347705146035,12.482614742698193,0.0,True
7,19,FLORESTA NACIONAL DE IPANEMA,ÁREA DE PROTEÇÃO AMBIENTAL TIETÊ,32.28,13488.453275259411,1.191449814126394,1.1699038815063816,100.0,80.85501858736059,0.0,0.0,0.0,80.85501858736059,19.144981412639407,0.0,0.0,0.0,0.0,100.0,0.0,19.144981412639407,0.0,0.0,True
9,12,PARQUE ESTADUAL DO JURUPARÁ,RESERVA PARTICULAR DO PATRIMÔNIO NATURAL CRUZ PRETA,2.55,85.24264068711928,2.0,2.030027932960894,100.0,0.0,0.0,3.0027932960893855,0.0,0.0,100.0,0.0,100.0,0.0,0.0,0.0,0.0,100.0,0.0,0.0,False
9,14,PARQUE ESTADUAL DO JURUPARÁ,TEKOA GWYRA PEPO - GUARANI MBYA,16.23,559.0538238691627,1.0314232902033271,0.9771792204384214,100.0,96.85767097966729,0.0,0.059980693714210734,0.0,96.85767097966729,3.1423290203327174,0.0,0.0,0.0,0.0,0.0,0.0,100.0,3.1423290203327174,0.0,True
9,17,PARQUE ESTADUAL DO JURUPARÁ,ÁREA DE PROTEÇÃO AMBIENTAL ITUPARARANGA,1.14,51.4974746830583,2.1578947368421053,2.191553544494721,100.0,0.0,10.526315789473683,11.91553544494721,0.0,0.0,89.47368421052632,10.526315789473683,100.0,5.263157894736842,0.0,10.526315789473683,0.0,100.0,0.0,0.0,False
12,17,RESERVA PARTICULAR DO PATRIMÔNIO NATURAL CRUZ PRETA,ÁREA DE PROTEÇÃO AMBIENTAL ITUPARARANGA,1.89,64.89949493661166,2.1904761904761907,2.205158264947245,100.0,0.0,19.047619047619047,18.933177022274325,0.0,0.0,80.95238095238095,19.047619047619047,100.0,17.46031746031746,0.0,0.0,0.0,100.0,1.5873015873015872,0.0,False
14,17,TEKOA GWYRA PEPO - GUARANI MBYA,ÁREA DE PROTEÇÃO AMBIENTAL ITUPARARANGA,25.59,1052.8935777509562,1.5814771395076201,1.5883787621898688,100.0,43.376318874560376,1.5240328253223916,14.044853210179106,0.0,43.376318874560376,55.09964830011723,1.5240328253223916,34.11488862837045,0.0,0.0,20.75029308323564,0.0,100.0,3.2825322391559206,0.0,False
16,17,ÁREA DE PROTEÇÃO AMBIENTAL CABREUVA,ÁREA DE PROTEÇÃO AMBIENTAL ITUPARARANGA,27.87,1646.5281374238612,4.582346609257266,4.65395523004488,100.0,0.0,100.0,100.0,0.0,0.0,0.0,100.0,100.0,100.0,33.58449946178686,100.0,0.0,100.0,24.65016146393972,0.0,False
