uc_a,uc_b,nome_a,nome_b,year,existe,direta,custo,comprimento_km,cruza,corredor_ha,corredor_natural_ha,contigua
1,2,APA AVECUIA,APA DO ENGENHO D´ÁGUA,2025,True,True,6519.494008475947,5.85,,692.01,128.52,False
1,7,APA AVECUIA,FLORESTA NACIONAL DE IPANEMA,2025,True,True,12155.001615218773,13.23,,3065.76,1242.63,False
1,10,APA AVECUIA,PARQUE NATURAL MUNICIPAL CORREDORES DE BIODIVERSIDADE,2025,True,True,3104.2511883200773,3.06,,303.39,153.72,False
1,16,APA AVECUIA,ÁREA DE PROTEÇÃO AMBIENTAL CABREUVA,2025,True,True,11194.955113493348,37.89,,18693.99,10040.22,False
1,17,APA AVECUIA,ÁREA DE PROTEÇÃO AMBIENTAL ITUPARARANGA,2025,True,True,12973.89032180474,63.72,,63467.46,36137.61,False
1,19,APA AVECUIA,ÁREA DE PROTEÇÃO AMBIENTAL TIETÊ,2025,True,True,5958.6047942758505,14.67,,2243.52,864.81,False
2,7,APA DO ENGENHO D´ÁGUA,FLORESTA NACIONAL DE IPANEMA,2025,True,True,14714.478887366316,32.43,,8478.9,2117.43,False
2,19,APA DO ENGENHO D´ÁGUA,ÁREA DE PROTEÇÃO AMBIENTAL TIETÊ,2025,True,True,2848.800574299988,5.97,,775.26,355.41,False
4,5,ESTAÇÃO ECOLÓGICA GOVERNADOR MARIO COVAS,ESTAÇÃO ECOLÓGICA MUNICIPAL DO PIRAJIBU,2025,True,True,1864.6711395993657,5.25,,316.26,236.7,False
4,6,ESTAÇÃO ECOLÓGICA GOVERNADOR MARIO COVAS,ESTAÇÃO EXPERIMENTAL DE ITUPAPETINIGA,2025,True,True,15851.157169640752,109.02,,54302.04,21045.06,False
4,16,ESTAÇÃO ECOLÓGICA GOVERNADOR MARIO COVAS,ÁREA DE PROTEÇÃO AMBIENTAL CABREUVA,2025,True,True,3623.46543777616,35.94,,12400.38,9440.01,False
4,17,ESTAÇÃO ECOLÓGICA GOVERNADOR MARIO COVAS,ÁREA DE PROTEÇÃO AMBIENTAL ITUPARARANGA,2025,True,True,3450.909955141861,22.89,,5072.04,3406.05,False
5,7,ESTAÇÃO ECOLÓGICA MUNICIPAL DO PIRAJIBU,FLORESTA NACIONAL DE IPANEMA,2025,True,True,17450.49421873668,20.28,,6057.72,1993.86,False
5,10,ESTAÇÃO ECOLÓGICA MUNICIPAL DO PIRAJIBU,PARQUE NATURAL MUNICIPAL CORREDORES DE BIODIVERSIDADE,2025,True,True,5763.372254856497,8.01,,943.47,398.79,False
6,7,ESTAÇÃO EXPERIMENTAL DE ITUPAPETINIGA,FLORESTA NACIONAL DE IPANEMA,2025,True,True,14729.09829513764,65.97,,30563.91,11418.57,False
6,8,ESTAÇÃO EXPERIMENTAL DE ITUPAPETINIGA,PARQUE ESTADUAL CARLOS BOTELHO,2025,True,True,8348.800753768912,72.06,,41244.75,23947.11,False
6,18,ESTAÇÃO EXPERIMENTAL DE ITUPAPETINIGA,ÁREA DE PROTEÇÃO AMBIENTAL SERRA DO MAR,2025,True,True,8389.886645336788,47.91,,29091.15,18849.78,False
7,9,FLORESTA NACIONAL DE IPANEMA,PARQUE ESTADUAL DO JURUPARÁ,2025,True,True,17460.21936167414,86.04,,70539.3,32735.25,False
7,10,FLORESTA NACIONAL DE IPANEMA,PARQUE NATURAL MUNICIPAL CORREDORES DE BIODIVERSIDADE,2025,True,True,12898.246168478165,12.21,,4415.22,1502.73,False
7,16,FLORESTA NACIONAL DE IPANEMA,ÁREA DE PROTEÇÃO AMBIENTAL CABREUVA,2025,True,True,21323.985268620105,119.13,,106748.28,48664.44,False
7,17,FLORESTA NACIONAL DE IPANEMA,ÁREA DE PROTEÇÃO AMBIENTAL ITUPARARANGA,2025,True,True,14625.848511775628,65.79,,30079.71,12288.78,False
7,18,FLORESTA NACIONAL DE IPANEMA,ÁREA DE PROTEÇÃO AMBIENTAL SERRA DO MAR,2025,True,True,17554.470370525483,86.28,,70604.01,37489.86,False
7,19,FLORESTA NACIONAL DE IPANEMA,ÁREA DE PROTEÇÃO AMBIENTAL TIETÊ,2025,True,True,13488.453275259411,32.28,,8567.55,2206.53,False
8,13,PARQUE ESTADUAL CARLOS BOTELHO,RESERVA PARTICULAR DO PATRIMÔNIO NATURAL TRÁPAGA,2025,True,True,2.0,0.09,,0.27,0.27,True
8,18,PARQUE ESTADUAL CARLOS BOTELHO,ÁREA DE PROTEÇÃO AMBIENTAL SERRA DO MAR,2025,True,True,1.0,0.06,,26.46,26.46,True
9,12,PARQUE ESTADUAL DO JURUPARÁ,RESERVA PARTICULAR DO PATRIMÔNIO NATURAL CRUZ PRETA,2025,True,True,85.24264068711928,2.55,,257.76,257.76,False
9,14,PARQUE ESTADUAL DO JURUPARÁ,TEKOA GWYRA PEPO - GUARANI MBYA,2025,True,True,559.0538238691627,16.23,,9603.09,9596.34,False
9,17,PARQUE ESTADUAL DO JURUPARÁ,ÁREA DE PROTEÇÃO AMBIENTAL ITUPARARANGA,2025,True,True,51.4974746830583,1.14,,59.67,59.67,False
9,18,PARQUE ESTADUAL DO JURUPARÁ,ÁREA DE PROTEÇÃO AMBIENTAL SERRA DO MAR,2025,True,True,1.0,0.06,,4.77,4.77,True
12,17,RESERVA PARTICULAR DO PATRIMÔNIO NATURAL CRUZ PRETA,ÁREA DE PROTEÇÃO AMBIENTAL ITUPARARANGA,2025,True,True,64.89949493661166,1.89,,307.08,307.08,False
14,17,TEKOA GWYRA PEPO - GUARANI MBYA,ÁREA DE PROTEÇÃO AMBIENTAL ITUPARARANGA,2025,True,True,1052.8935777509562,25.59,,22878.63,21997.62,False
14,18,TEKOA GWYRA PEPO - GUARANI MBYA,ÁREA DE PROTEÇÃO AMBIENTAL SERRA DO MAR,2025,True,True,1.0,0.06,,16.11,16.11,True
15,16,ÁREA DE PROTEÇÃO AMBIENTAL - PEDREGULHO,ÁREA DE PROTEÇÃO AMBIENTAL CABREUVA,2025,True,True,1.0,0.06,,8.64,8.64,True
16,17,ÁREA DE PROTEÇÃO AMBIENTAL CABREUVA,ÁREA DE PROTEÇÃO AMBIENTAL ITUPARARANGA,2025,True,True,1646.5281374238612,27.87,,9806.13,8725.95,False
