scenario,uc_a,uc_b,nome_a,nome_b,year,existe,direta,custo,comprimento_km,cruza,contigua,corredor_natural_ref_ha,perda_natural_ha,ruptura_pct,perda_floresta_ha,custo_ref,delta_custo_pct
pressao_floresta,1,2,APA AVECUIA,APA DO ENGENHO D´ÁGUA,2040,True,True,7907.51702092753,5.04,,False,128.52,36.36,28.291316526610643,35.73,6519.494008475947,21.29034877011964
pressao_floresta,1,7,APA AVECUIA,FLORESTA NACIONAL DE IPANEMA,2040,True,True,18866.78862204392,12.75,,False,1242.63,171.0,13.761135655826754,140.04,12155.001615218773,55.21831439677967
pressao_floresta,1,10,APA AVECUIA,PARQUE NATURAL MUNICIPAL CORREDORES DE BIODIVERSIDADE,2040,True,True,7158.905263445491,3.36,,False,153.72,58.77,38.231850117096016,58.77,3104.2511883200773,130.61617211845746
pressao_floresta,1,16,APA AVECUIA,ÁREA DE PROTEÇÃO AMBIENTAL CABREUVA,2040,True,True,20026.41080893931,37.92,,False,10040.22,844.11,8.407285896125783,607.32,11194.955113493348,78.88781693105096
pressao_floresta,1,17,APA AVECUIA,ÁREA DE PROTEÇÃO AMBIENTAL ITUPARARANGA,2040,True,True,22071.13281381509,62.82,,False,36137.61,3709.62,10.265261039675838,2945.88,12973.89032180474,70.119619222624
pressao_floresta,1,19,APA AVECUIA,ÁREA DE PROTEÇÃO AMBIENTAL TIETÊ,2040,True,True,13018.780402556471,18.12,,False,864.81,277.83,32.12613175148299,283.86,5958.6047942758505,118.4870595053224
pressao_floresta,2,7,APA DO ENGENHO D´ÁGUA,FLORESTA NACIONAL DE IPANEMA,2040,True,True,28756.08562500651,30.96,,False,2117.43,641.25,30.284354146299997,654.39,14714.478887366315,95.42714251128636
pressao_floresta,2,19,APA DO ENGENHO D´ÁGUA,ÁREA DE PROTEÇÃO AMBIENTAL TIETÊ,2040,True,True,4707.876692745747,4.83,,False,355.41,92.43,26.006583945302605,92.97,2848.8005742999876,65.25820498693824
pressao_floresta,4,5,ESTAÇÃO ECOLÓGICA GOVERNADOR MARIO COVAS,ESTAÇÃO ECOLÓGICA MUNICIPAL DO PIRAJIBU,2040,True,True,4804.253280361131,4.2,,False,236.7,40.14,16.958174904942968,56.07,1864.6711395993657,157.64614351211281
pressao_floresta,4,6,ESTAÇÃO ECOLÓGICA GOVERNADOR MARIO COVAS,ESTAÇÃO EXPERIMENTAL DE ITUPAPETINIGA,2040,True,False,20413.726430010967,212.34,"9,17,18",False,21045.06,3329.64,15.821480195352258,2831.04,15851.157169640752,28.78382449647756
pressao_floresta,4,16,ESTAÇÃO ECOLÓGICA GOVERNADOR MARIO COVAS,ÁREA DE PROTEÇÃO AMBIENTAL CABREUVA,2040,True,True,4742.517169604271,43.92,,False,9440.01,1047.15,11.0926789272469,893.88,3623.4654377761594,30.88346642309663
pressao_floresta,4,17,ESTAÇÃO ECOLÓGICA GOVERNADOR MARIO COVAS,ÁREA DE PROTEÇÃO AMBIENTAL ITUPARARANGA,2040,True,True,4846.097905408015,45.54,,False,3406.05,569.25,16.712907913859162,490.68,3450.9099551418612,40.429566937477524
pressao_floresta,5,7,ESTAÇÃO ECOLÓGICA MUNICIPAL DO PIRAJIBU,FLORESTA NACIONAL DE IPANEMA,2040,True,True,24731.01856180789,18.18,,False,1993.86,312.75,15.68565496072944,297.9,17450.49421873668,41.72102091672612
pressao_floresta,5,10,ESTAÇÃO ECOLÓGICA MUNICIPAL DO PIRAJIBU,PARQUE NATURAL MUNICIPAL CORREDORES DE BIODIVERSIDADE,2040,True,True,9776.280656363575,7.23,,False,398.79,63.63,15.955766192733016,88.65,5763.372254856497,69.6277842911432
pressao_floresta,6,7,ESTAÇÃO EXPERIMENTAL DE ITUPAPETINIGA,FLORESTA NACIONAL DE IPANEMA,2040,True,True,19682.657633708535,63.6,,False,11418.57,1224.36,10.722533557179226,1251.45,14729.098295137639,33.63111060373711
pressao_floresta,6,8,ESTAÇÃO EXPERIMENTAL DE ITUPAPETINIGA,PARQUE ESTADUAL CARLOS BOTELHO,2040,True,True,10224.214639185675,47.19,,False,23947.11,856.26,3.5756297941588775,826.38,8348.800753768912,22.463272758906626
pressao_floresta,6,18,ESTAÇÃO EXPERIMENTAL DE ITUPAPETINIGA,ÁREA DE PROTEÇÃO AMBIENTAL SERRA DO MAR,2040,True,True,10347.837005549782,49.83,,False,18849.78,981.63,5.207646985800365,982.62,8389.886645336788,23.337029962153878
pressao_floresta,7,9,FLORESTA NACIONAL DE IPANEMA,PARQUE ESTADUAL DO JURUPARÁ,2040,True,True,23806.248650248937,76.8,,False,32735.25,4425.21,13.518179943638739,4306.41,17460.21936167414,36.34564467445684
pressao_floresta,7,10,FLORESTA NACIONAL DE IPANEMA,PARQUE NATURAL MUNICIPAL CORREDORES DE BIODIVERSIDADE,2040,True,True,15718.85096275402,10.77,,False,1502.73,228.24,15.188357189914356,207.54,12898.246168478165,21.868126545522838
pressao_floresta,7,16,FLORESTA NACIONAL DE IPANEMA,ÁREA DE PROTEÇÃO AMBIENTAL CABREUVA,2040,True,False,28937.88670692112,169.14,17,False,48664.44,7319.79,15.04135257695352,5992.11,21323.985268620105,35.705808939501836
pressao_floresta,7,17,FLORESTA NACIONAL DE IPANEMA,ÁREA DE PROTEÇÃO AMBIENTAL ITUPARARANGA,2040,True,True,20463.013659850963,64.47,,False,12288.78,1241.46,10.102386079008657,1210.86,14625.848511775628,39.90992483872433
pressao_floresta,7,18,FLORESTA NACIONAL DE IPANEMA,ÁREA DE PROTEÇÃO AMBIENTAL SERRA DO MAR,2040,True,True,23318.609219410882,81.72,,False,37489.86,2024.82,5.400980425106948,2059.56,17554.470370525483,32.8357320227876
pressao_floresta,7,19,FLORESTA NACIONAL DE IPANEMA,ÁREA DE PROTEÇÃO AMBIENTAL TIETÊ,2040,True,True,23271.772603590565,23.94,,False,2206.53,626.31,28.384386344169346,641.79,13488.453275259411,72.53106882370099
pressao_floresta,9,12,PARQUE ESTADUAL DO JURUPARÁ,RESERVA PARTICULAR DO PATRIMÔNIO NATURAL CRUZ PRETA,2040,True,True,85.0,2.58,,False,257.76,2.34,0.9078212290502794,2.34,85.24264068711928,-0.2846470793999467
pressao_floresta,9,14,PARQUE ESTADUAL DO JURUPARÁ,TEKOA GWYRA PEPO - GUARANI MBYA,2040,True,True,562.4386001800128,16.17,,False,9596.34,121.41,1.265169846003789,121.86,559.0538238691627,0.6054473051314568
pressao_floresta,9,17,PARQUE ESTADUAL DO JURUPARÁ,ÁREA DE PROTEÇÃO AMBIENTAL ITUPARARANGA,2040,True,True,50.4974746830583,1.11,,False,59.67,1.08,1.8099547511312217,1.08,51.4974746830583,-1.941842791621351
pressao_floresta,12,17,RESERVA PARTICULAR DO PATRIMÔNIO NATURAL CRUZ PRETA,ÁREA DE PROTEÇÃO AMBIENTAL ITUPARARANGA,2040,True,True,62.24264068711928,1.86,,False,307.08,5.4,1.7584994138335288,5.4,64.89949493661166,-4.093798036621665
pressao_floresta,14,17,TEKOA GWYRA PEPO - GUARANI MBYA,ÁREA DE PROTEÇÃO AMBIENTAL ITUPARARANGA,2040,True,True,1035.6631303726565,24.75,,False,21997.62,799.29,3.6335294454581906,799.74,1052.8935777509562,-1.636485181636771
pressao_floresta,16,17,ÁREA DE PROTEÇÃO AMBIENTAL CABREUVA,ÁREA DE PROTEÇÃO AMBIENTAL ITUPARARANGA,2040,True,True,1981.1240251292543,26.19,,False,8725.95,360.54,4.131813728018153,357.57,1646.5281374238612,20.321297893451007
