scenario,year,nos,ligacoes_ref,ligacoes_existentes,ligacoes_diretas_ainda,ruptura_media_pct,perda_natural_total_ha,perda_floresta_total_ha,corredor_natural_ref_total_ha,delta_custo_medio_pct,delta_custo_mediano_pct
expansao_agricola,2030,17,29,29,29,4.130557848031716,9358.02,7074.63,317608.29000000004,9.850871525299386,5.5152669211280925
expansao_agricola,2040,17,29,29,28,8.244840013999305,17754.300000000003,14285.79,317608.29000000004,20.31680959050175,6.032407623258829
expansao_agricola,2050,17,29,29,27,9.57284549639846,20324.88,17060.13,317608.29000000004,19.74184493476529,1.451525514067753
pressao_floresta,2030,17,29,29,27,6.241548740562045,14015.34,11788.11,317608.29000000004,19.72814948870078,13.858465210877103
pressao_floresta,2040,17,29,29,27,13.801683568369295,31412.070000000003,28243.890000000003,317608.29000000004,46.068764699945085,35.70580893950184
pressao_floresta,2050,17,29,29,23,17.864282971834026,40747.59,38078.64000000001,317608.29000000004,67.56999708380849,56.13218040143555
tendencial,2030,17,29,29,29,5.010162658034574,11194.47,8948.880000000001,317608.29000000004,13.752756034104229,9.63737822680535
tendencial,2040,17,29,29,28,10.6011032894095,23321.789999999997,19901.969999999998,317608.29000000004,29.765503473035245,15.735644353190636
tendencial,2050,17,29,29,28,12.76486379820063,28317.69,25137.36,317608.29000000004,36.35007333009654,19.6675393738613
